{
  "Movel": {
    "B2C": {
      "CLUSTER CANAIS": ["Cluster 1", "Cluster 2", "Cluster 3"],
      "CANAIS": ["Canal A", "Canal B", "Canal C"],
      "PRODUTO": ["Produto X", "Produto Y", "Produto Z"],
      "TERRITORIO": ["Juiz de Fora e Vale do Aço", "RMBH", "Sul de Minas", "Triângulo e Norte de Minas"],
      "AREA GV": ["MG 31 BH BETIM", "MG 31 BH CONTAGEM", "MG 31 BETIM", "MG 31 BH ESTRADA REAL", " MG 31 BH SETE VALES", "MG 32", "MG 33", " MG 34 38 NOROESTE", "MG 34 TRIANGULO", "MG 35 SUDOESTE", "MG 35 SUL", "MG 37", "MG 38 NORTE"],
      "AREA GA": ["MG 31 BH NORTE", "MG 31 BETIM","MG 31 BH/BARREIRO", "MG 31 BH/CONTAGEM", "MG 31 BH/IBIRITE ", "MG 31 BH/IGARAPE", "MG 31 BH/NL/IGARAPE", "MG 31 HUNTER BH NL", "MG 31 IPATINGA", "MG 31 ITABIRA", "MG 31 LAGOA SANTA", "MG 31 OURO PRETO", "MG 31 TIMOTEO", "MG 31 SABARA", "MG 31 SETE LAGOAS", "MG 31 VICOSA","MG 32 CATAGUASES", "MG 32 JF EXC PAP", "MG 32 JF1", "MG 32 JF2 E BARBACENA", "MG 32 MURIAE", "MG 32 SAO JOAO DEL REI", "MG 33 CARATINGA", "MG 33 GOVAL 1", "MG 33 GOVAL 2 EXC PAP", "MG 33 TEOFILO OTONI", "MG 34 ARAXA", "MG 34 ITUIUTABA", "MG 34 PATOS DE MINAS", "MG 34 PATROCINIO", "MG 34 UBERABA 1", "MG 34 UBERABA 2", "MG 34 UBERLANDIA 1 EXC PAP", "MG 34 UBERLANDIA 2", "MG 34 ALFENAS", "MG 35 GUAXUPE", "MG 35 ITAJUBA", "MG 35 PASSOS", "MG 35 LAVRAS", "MG 35 POCOS DE CALDAS", "MG 35 POUSO ALEGRE", "MG 35 SAO SEBASTIAO DO PARAISO", "MG 35 TRES CORACOES", "MG 35 VARGINHA", "MG 37 DIVINOPOLIS", "MG 37 DVL 2", "MG 37 FORMIGA","MG 37 LAGOA DA PRATA"," MG 37 PARA DE MINAS", "MG 38 CURVELO", "MG 38 DIAMANTINA","MG 38 JANAUBA", "MG 38 MOC 1", "MG 38 MOC 2 EXC PAP", "MG 38 PARACATU", "MG 38 UNAI" ]
    },
    "B2B": {
      "CLUSTER CANAIS": ["Cluster 1", "Cluster 2"],
      "CANAIS": ["Canal A", "Canal B"],
      "PRODUTO": ["Produto X", "Produto Y"]
    }
  },
  "Fixa": {
    "B2C": {
      "CLUSTER CANAIS": ["Cluster 1", "Cluster 2", "Cluster 3"],
      "CANAIS": ["Canal A", "Canal B", "Canal C"],
      "PRODUTO": ["Produto X", "Produto Y", "Produto Z"],
      "TERRITORIO": ["Juiz de Fora e Vale do Aço", "RMBH", "Sul de Minas", "Triângulo e Norte de Minas"],
      "AREA GV": ["MG 31 BH BETIM", "MG 31 BH CONTAGEM", "MG 31 BETIM", "MG 31 BH ESTRADA REAL", " MG 31 BH SETE VALES", "MG 32", "MG 33", " MG 34 38 NOROESTE", "MG 34 TRIANGULO", "MG 35 SUDOESTE", "MG 35 SUL", "MG 37", "MG 38 NORTE"],
      "AREA GA": ["MG 31 BH NORTE", "MG 31 BETIM","MG 31 BH/BARREIRO", "MG 31 BH/CONTAGEM", "MG 31 BH/IBIRITE ", "MG 31 BH/IGARAPE", "MG 31 BH/NL/IGARAPE", "MG 31 HUNTER BH NL", "MG 31 IPATINGA", "MG 31 ITABIRA", "MG 31 LAGOA SANTA", "MG 31 OURO PRETO", "MG 31 TIMOTEO", "MG 31 SABARA", "MG 31 SETE LAGOAS", "MG 31 VICOSA","MG 32 CATAGUASES", "MG 32 JF EXC PAP", "MG 32 JF1", "MG 32 JF2 E BARBACENA", "MG 32 MURIAE", "MG 32 SAO JOAO DEL REI", "MG 33 CARATINGA", "MG 33 GOVAL 1", "MG 33 GOVAL 2 EXC PAP", "MG 33 TEOFILO OTONI", "MG 34 ARAXA", "MG 34 ITUIUTABA", "MG 34 PATOS DE MINAS", "MG 34 PATROCINIO", "MG 34 UBERABA 1", "MG 34 UBERABA 2", "MG 34 UBERLANDIA 1 EXC PAP", "MG 34 UBERLANDIA 2", "MG 34 ALFENAS", "MG 35 GUAXUPE", "MG 35 ITAJUBA", "MG 35 PASSOS", "MG 35 LAVRAS", "MG 35 POCOS DE CALDAS", "MG 35 POUSO ALEGRE", "MG 35 SAO SEBASTIAO DO PARAISO", "MG 35 TRES CORACOES", "MG 35 VARGINHA", "MG 37 DIVINOPOLIS", "MG 37 DVL 2", "MG 37 FORMIGA","MG 37 LAGOA DA PRATA"," MG 37 PARA DE MINAS", "MG 38 CURVELO", "MG 38 DIAMANTINA","MG 38 JANAUBA", "MG 38 MOC 1", "MG 38 MOC 2 EXC PAP", "MG 38 PARACATU", "MG 38 UNAI" ]
    },
    "B2B": {
      "CLUSTER CANAIS": ["Cluster 1", "Cluster 2"],
      "CANAIS": ["ATIVO", "DISTRIBUICAO", "LLPP", "PAP 2.0", "PAP DEALER (CI)", "PAP PROPRIO","PAP TORDESILHAS", "REVENDA", "TELEVENDAS REGIONAL", "VAREJO"],
      "PRODUTO": ["Produto X", "Produto Y"]
    }
  },
  "CEs": {
    "ces": {
      "CLUSTER CANAIS": ["Cluster 1", "Cluster 2", "Cluster 3"],
      "CANAIS": ["Canal A", "Canal B", "Canal C"],
      "PRODUTO": ["Produto X", "Produto Y", "Produto Z"],
      "TERRITORIO": ["Norte", "Sul", "Sudeste", "Centro-Oeste"],
      "AREA GV": ["MG 31 BH BETIM", "MG 31 BH CONTAGEM", "MG 31 BETIM", "MG 31 BH ESTRADA REAL", " MG 31 BH SETE VALES", "MG 32", "MG 33", " MG 34 38 NOROESTE", "MG 34 TRIANGULO", "MG 35 SUDOESTE", "MG 35 SUL", "MG 37", "MG 38 NORTE"],
      "AREA GA": ["MG 31 BH NORTE", "MG 31 BETIM", "MG 32 CONTAGEM", "MG 33 UBERLÂNDIA"]
    }
  }
}
